timeStamp,elapsed,label,responseCode,responseMessage,threadName,dataType,success,failureMessage,bytes,sentBytes,grpThreads,allThreads,Latency,IdleTime,Connect
1540469353496,68,Get,200,,Spike Test (get) 2-51,text,true,,99397,171,1,8,64,0,1
1540469353564,56,Get,200,,Spike Test (get) 2-51,text,true,,99397,171,1,8,52,0,0
1540469353620,61,Get,200,,Spike Test (get) 2-51,text,true,,99397,171,1,8,51,0,0
1540469353681,62,Get,200,,Spike Test (get) 2-51,text,true,,99397,171,1,9,55,0,0
1540469353743,55,Get,200,,Spike Test (get) 2-51,text,true,,99397,171,1,9,45,0,0
1540469353798,61,Get,200,,Spike Test (get) 2-51,text,true,,99397,171,1,10,59,0,0
1540469353859,44,Get,200,,Spike Test (get) 2-51,text,true,,99397,171,1,10,42,0,0
1540469353903,85,Get,200,,Spike Test (get) 2-51,text,true,,99397,171,1,10,82,0,0
1540469353988,62,Get,200,,Spike Test (get) 2-51,text,true,,99397,171,1,11,45,0,0
1540469354050,132,Get,200,,Spike Test (get) 2-51,text,true,,99397,171,1,12,129,0,0
1540469354182,59,Get,200,,Spike Test (get) 2-51,text,true,,99397,171,1,12,58,0,0
1540469354242,162,Get,200,,Spike Test (get) 2-51,text,true,,99397,171,1,13,159,0,0
1540469354404,81,Get,200,,Spike Test (get) 2-51,text,true,,99397,171,1,14,80,0,0
1540469354485,118,Get,200,,Spike Test (get) 2-51,text,true,,99397,171,1,15,115,0,0
1540469354603,80,Get,200,,Spike Test (get) 2-51,text,true,,99397,171,1,15,65,0,0
1540469354683,38,Get,200,,Spike Test (get) 2-51,text,true,,99397,171,1,15,35,0,0
1540469354721,207,Get,200,,Spike Test (get) 2-51,text,true,,99397,171,1,17,206,0,0
1540469354928,86,Get,200,,Spike Test (get) 2-51,text,true,,99397,171,1,17,84,0,0
1540469355014,34,Get,200,,Spike Test (get) 2-51,text,true,,99397,171,1,17,32,0,0
1540469355048,85,Get,200,,Spike Test (get) 2-51,text,true,,99397,171,1,18,80,0,0
1540469355133,97,Get,200,,Spike Test (get) 2-51,text,true,,99397,171,1,19,94,0,0
1540469355230,133,Get,200,,Spike Test (get) 2-51,text,true,,99397,171,1,20,132,0,0
1540469355363,147,Get,200,,Spike Test (get) 2-51,text,true,,99397,171,1,21,146,0,0
1540469355510,69,Get,200,,Spike Test (get) 2-51,text,true,,99397,171,1,21,67,0,1
1540469355579,280,Get,200,,Spike Test (get) 2-51,text,true,,99397,171,1,23,278,0,0
1540469355860,195,Get,200,,Spike Test (get) 2-51,text,true,,99397,171,1,24,188,0,0
1540469356055,132,Get,200,,Spike Test (get) 2-51,text,true,,99397,171,1,25,130,0,0
1540469356187,217,Get,200,,Spike Test (get) 2-51,text,true,,99397,171,1,27,213,0,0
1540469356404,89,Get,200,,Spike Test (get) 2-51,text,true,,99397,171,1,27,72,0,0
1540469356494,82,Get,200,,Spike Test (get) 2-51,text,true,,99397,171,1,28,81,0,0
1540469356577,358,Get,200,,Spike Test (get) 2-51,text,true,,99397,171,1,30,355,0,0
1540469356935,421,Get,200,,Spike Test (get) 2-51,text,true,,99397,171,1,33,418,0,0
1540469357356,194,Get,200,,Spike Test (get) 2-51,text,true,,99397,171,1,34,192,0,0
1540469357550,459,Get,200,,Spike Test (get) 2-51,text,true,,99397,171,1,37,446,0,1
1540469358009,250,Get,200,,Spike Test (get) 2-51,text,true,,99397,171,1,39,100,0,0
1540469358259,490,Get,200,,Spike Test (get) 2-51,text,true,,99397,171,1,42,489,0,0
1540469358749,590,Get,200,,Spike Test (get) 2-51,text,true,,99397,171,1,46,587,0,0
1540469359339,295,Get,200,,Spike Test (get) 2-51,text,true,,99397,171,1,48,293,0,0
1540469359634,324,Get,200,,Spike Test (get) 2-51,text,true,,99397,171,1,50,322,0,1
1540469359958,163,Get,200,,Spike Test (get) 2-51,text,true,,99397,171,1,51,160,0,0
1540469360121,170,Get,200,,Spike Test (get) 2-51,text,true,,99397,171,1,52,168,0,0
1540469360291,313,Get,200,,Spike Test (get) 2-51,text,true,,99397,171,1,55,84,0,0
1540469360605,217,Get,200,,Spike Test (get) 2-51,text,true,,99397,171,1,56,213,0,0
1540469360822,163,Get,200,,Spike Test (get) 2-51,text,true,,99397,171,1,57,161,0,0
1540469360985,253,Get,200,,Spike Test (get) 2-51,text,true,,99397,171,1,59,251,0,0
1540469361238,261,Get,200,,Spike Test (get) 2-51,text,true,,99397,171,1,60,258,0,0
1540469361499,393,Get,200,,Spike Test (get) 2-51,text,true,,99397,171,1,63,267,0,0
1540469361892,139,Get,200,,Spike Test (get) 2-51,text,true,,99397,171,1,64,136,0,0
1540469362031,94,Get,200,,Spike Test (get) 2-51,text,true,,99397,171,1,65,91,0,0
1540469362125,253,Get,200,,Spike Test (get) 2-51,text,true,,99397,171,1,66,117,0,0
1540469362379,304,Get,200,,Spike Test (get) 2-51,text,true,,99397,171,5,72,302,0,0
1540469362696,122,Get,200,,Spike Test (get) 2-46,text,true,,99397,171,9,77,116,0,1
1540469362617,202,Get,200,,Spike Test (get) 2-48,text,true,,99397,171,9,77,201,0,0
1540469362536,578,Get,200,,Spike Test (get) 2-50,text,true,,99397,171,16,86,571,0,1
1540469362656,487,Get,200,,Spike Test (get) 2-47,text,true,,99397,171,17,87,486,0,2
1540469362683,611,Get,200,,Spike Test (get) 2-51,text,true,,99397,171,20,91,610,0,0
1540469362777,530,Get,200,,Spike Test (get) 2-44,text,true,,99397,171,21,93,523,0,0
1540469363143,445,Get,200,,Spike Test (get) 2-47,text,true,,99397,171,28,101,439,0,0
1540469363016,687,Get,200,,Spike Test (get) 2-38,text,true,,99397,171,31,105,684,0,1
1540469363336,440,Get,200,,Spike Test (get) 2-30,text,true,,99397,171,32,107,439,0,1
1540469362818,1137,Get,200,,Spike Test (get) 2-46,text,true,,99397,171,37,113,1136,0,0
1540469363056,913,Get,200,,Spike Test (get) 2-37,text,true,,99397,171,37,113,910,0,1
1540469362737,1253,Get,200,,Spike Test (get) 2-45,text,true,,99397,171,38,114,1252,0,0
1540469362577,1423,Get,200,,Spike Test (get) 2-49,text,true,,99397,171,38,114,1421,0,0
1540469362819,1190,Get,200,,Spike Test (get) 2-48,text,true,,99397,171,38,114,1189,0,0
1540469362816,1461,Get,200,,Spike Test (get) 2-43,text,true,,99397,171,45,123,1460,0,1
1540469363816,472,Get,200,,Spike Test (get) 2-18,text,true,,99397,171,45,123,413,0,0
1540469363176,1117,Get,200,,Spike Test (get) 2-34,text,true,,99397,171,45,123,1114,0,1
1540469362976,1340,Get,200,,Spike Test (get) 2-39,text,true,,99397,171,46,124,1337,0,0
1540469363307,1059,Get,200,,Spike Test (get) 2-44,text,true,,99397,171,47,126,978,0,0
1540469363136,1232,Get,200,,Spike Test (get) 2-35,text,true,,99397,171,47,126,1231,0,1
1540469362856,1515,Get,200,,Spike Test (get) 2-42,text,true,,99397,171,47,126,1513,0,1
1540469363577,1021,Get,200,,Spike Test (get) 2-24,text,true,,99397,171,51,131,950,0,0
1540469363656,1200,Get,200,,Spike Test (get) 2-22,text,true,,99397,171,51,133,1199,0,2
1540469363294,1607,Get,200,,Spike Test (get) 2-51,text,true,,99397,171,51,133,1605,0,0
1540469363976,934,Get,200,,Spike Test (get) 2-14,text,true,,99397,171,51,133,933,0,1
1540469362896,2049,Get,200,,Spike Test (get) 2-41,text,true,,99397,171,51,133,2047,0,1
1540469364136,822,Get,200,,Spike Test (get) 2-10,text,true,,99397,171,51,134,820,0,0
1540469363588,1390,Get,200,,Spike Test (get) 2-47,text,true,,99397,171,51,134,1387,0,0
1540469364056,922,Get,200,,Spike Test (get) 2-12,text,true,,99397,171,51,134,921,0,1
1540469363736,1258,Get,200,,Spike Test (get) 2-20,text,true,,99397,171,50,133,1257,0,1
1540469363703,1448,Get,200,,Spike Test (get) 2-38,text,true,,99397,171,50,134,1447,0,0
1540469364216,959,Get,200,,Spike Test (get) 2-8,text,true,,99397,171,50,134,958,0,1
1540469363496,1728,Get,200,,Spike Test (get) 2-26,text,true,,99397,171,50,134,1713,0,1
1540469364417,813,Get,200,,Spike Test (get) 2-3,text,true,,99397,171,50,134,812,0,1
1540469363617,1618,Get,200,,Spike Test (get) 2-23,text,true,,99397,171,50,134,1616,0,0
1540469363696,1542,Get,200,,Spike Test (get) 2-21,text,true,,99397,171,50,134,1539,0,1
1540469363114,2134,Get,200,,Spike Test (get) 2-50,text,true,,99397,171,50,134,2132,0,0
1540469362937,2343,Get,200,,Spike Test (get) 2-40,text,true,,99397,171,49,134,2341,0,0
1540469363257,2182,Get,200,,Spike Test (get) 2-32,text,true,,99397,171,48,134,2180,0,0
1540469364176,1305,Get,200,,Spike Test (get) 2-9,text,true,,99397,171,48,134,1244,0,1
1540469364257,1282,Get,200,,Spike Test (get) 2-7,text,true,,99397,171,48,134,1279,0,0
1540469364598,945,Get,200,,Spike Test (get) 2-24,text,true,,99397,171,48,134,866,0,0
1540469364496,1059,Get,200,,Spike Test (get) 2-1,text,true,,99397,171,48,135,1057,0,2
1540469363216,2360,Get,200,,Spike Test (get) 2-33,text,true,,99397,171,48,135,2273,0,2
1540469364288,1333,Get,200,,Spike Test (get) 2-18,text,true,,99397,171,48,135,1330,0,0
1540469364097,1649,Get,200,,Spike Test (get) 2-11,text,true,,99397,171,48,136,1646,0,0
1540469364376,1404,Get,200,,Spike Test (get) 2-4,text,true,,99397,171,48,136,1403,0,1
1540469363896,1896,Get,200,,Spike Test (get) 2-16,text,true,,99397,171,48,136,1884,0,1
1540469363457,2339,Get,200,,Spike Test (get) 2-27,text,true,,99397,171,48,136,2317,0,1
1540469364000,1798,Get,200,,Spike Test (get) 2-49,text,true,,99397,171,48,136,1797,0,0
1540469365151,652,Get,200,,Spike Test (get) 2-38,text,true,,99397,171,47,135,651,0,1
1540469363536,2277,Get,200,,Spike Test (get) 2-25,text,true,,99397,171,46,134,2275,0,1
1540469363376,2441,Get,200,,Spike Test (get) 2-29,text,true,,99397,171,46,134,2439,0,1
1540469364010,1865,Get,200,,Spike Test (get) 2-48,text,true,,99397,171,45,134,1864,0,0
1540469364366,1595,Get,200,,Spike Test (get) 2-44,text,true,,99397,171,44,133,1594,0,0
1540469364368,1620,Get,200,,Spike Test (get) 2-35,text,true,,99397,171,43,132,1618,0,0
1540469363097,2919,Get,200,,Spike Test (get) 2-36,text,true,,99397,171,42,132,2903,0,0
1540469363417,2612,Get,200,,Spike Test (get) 2-28,text,true,,99397,171,41,131,2609,0,0
1540469364016,2014,Get,200,,Spike Test (get) 2-13,text,true,,99397,171,40,130,2013,0,1
1540469363969,2082,Get,200,,Spike Test (get) 2-37,text,true,,99397,171,40,130,2079,0,0
1540469365481,628,Get,200,,Spike Test (get) 2-9,text,true,,99397,171,39,129,626,0,0
1540469364994,1178,Get,200,,Spike Test (get) 2-20,text,true,,99397,171,39,130,1177,0,0
1540469363297,2909,Get,200,,Spike Test (get) 2-31,text,true,,99397,171,39,130,2888,0,1
1540469363990,2222,Get,200,,Spike Test (get) 2-45,text,true,,99397,171,38,129,2213,0,0
1540469364293,2030,Get,200,,Spike Test (get) 2-34,text,true,,99397,171,37,129,2029,0,0
1540469363777,2569,Get,200,,Spike Test (get) 2-19,text,true,,99397,171,36,128,2568,0,0
1540469363856,2512,Get,200,,Spike Test (get) 2-17,text,true,,99397,171,36,128,2511,0,1
1540469365440,1006,Get,200,,Spike Test (get) 2-32,text,true,,99397,171,36,128,1005,0,0
1540469365230,1224,Get,200,,Spike Test (get) 2-3,text,true,,99397,171,35,128,1222,0,0
1540469364978,1510,Get,200,,Spike Test (get) 2-12,text,true,,99397,171,35,128,1507,0,0
1540469365235,1264,Get,200,,Spike Test (get) 2-23,text,true,,99397,171,35,128,1262,0,0
1540469365539,979,Get,200,,Spike Test (get) 2-7,text,true,,99397,171,34,127,978,0,0
1540469363937,2627,Get,200,,Spike Test (get) 2-15,text,true,,99397,171,34,127,2626,0,0
1540469364316,2250,Get,200,,Spike Test (get) 2-39,text,true,,99397,171,34,127,2249,0,0
1540469364945,1651,Get,200,,Spike Test (get) 2-41,text,true,,99397,171,33,126,1649,0,0
1540469364457,2191,Get,200,,Spike Test (get) 2-2,text,true,,99397,171,32,126,2189,0,0
1540469364958,1749,Get,200,,Spike Test (get) 2-10,text,true,,99397,171,32,126,1748,0,0
1540469365780,959,Get,200,,Spike Test (get) 2-4,text,true,,99397,171,32,126,956,0,0
1540469364336,2498,Get,200,,Spike Test (get) 2-5,text,true,,99397,171,32,127,2497,0,1
1540469364856,2032,Get,200,,Spike Test (get) 2-22,text,true,,99397,171,32,127,2031,0,0
1540469364297,2594,Get,200,,Spike Test (get) 2-6,text,true,,99397,171,31,126,2592,0,1
1540469365576,1348,Get,200,,Spike Test (get) 2-33,text,true,,99397,171,31,127,1263,0,1
1540469363955,2972,Get,200,,Spike Test (get) 2-46,text,true,,99397,171,30,126,2970,0,0
1540469363777,3166,Get,200,,Spike Test (get) 2-30,text,true,,99397,171,29,125,3164,0,0
1540469365747,1202,Get,200,,Spike Test (get) 2-11,text,true,,99397,171,28,124,1200,0,0
1540469365238,1752,Get,200,,Spike Test (get) 2-21,text,true,,99397,171,27,123,1750,0,0
1540469366488,769,Get,200,,Spike Test (get) 2-12,text,true,,99397,171,26,124,763,0,1
1540469365796,1716,Get,200,,Spike Test (get) 2-27,text,true,,99397,171,25,125,1713,0,1
1540469365543,2055,Get,200,,Spike Test (get) 2-24,text,true,,99397,171,24,124,2052,0,0
1540469364371,3310,Get,200,,Spike Test (get) 2-42,text,true,,99397,171,23,123,3307,0,0
1540469365621,2082,Get,200,,Spike Test (get) 2-18,text,true,,99397,171,22,122,2079,0,0
1540469365175,2570,Get,200,,Spike Test (get) 2-8,text,true,,99397,171,21,121,2568,0,0
1540469366109,1640,Get,200,,Spike Test (get) 2-9,text,true,,99397,171,20,120,1638,0,0
1540469364277,3524,Get,200,,Spike Test (get) 2-43,text,true,,99397,171,19,119,3521,0,0
1540469366707,1111,Get,200,,Spike Test (get) 2-10,text,true,,99397,171,18,118,1083,0,0
1540469364901,2925,Get,200,,Spike Test (get) 2-51,text,true,,99397,171,17,117,2923,0,1
1540469365224,2620,Get,200,,Spike Test (get) 2-26,text,true,,99397,171,17,117,2618,0,0
1540469365813,2115,Get,200,,Spike Test (get) 2-25,text,true,,99397,171,16,116,2113,0,1
1540469365792,2182,Get,200,,Spike Test (get) 2-16,text,true,,99397,171,15,115,2180,0,0
1540469365556,2474,Get,200,,Spike Test (get) 2-1,text,true,,99397,171,14,114,2472,0,0
1540469366739,1398,Get,200,,Spike Test (get) 2-4,text,true,,99397,171,13,113,1343,0,0
1540469366564,1608,Get,200,,Spike Test (get) 2-15,text,true,,99397,171,12,112,1607,0,1
1540469366518,1670,Get,200,,Spike Test (get) 2-7,text,true,,99397,171,11,111,1640,0,1
1540469366030,2181,Get,200,,Spike Test (get) 2-13,text,true,,99397,171,10,110,2133,0,1
1540469367826,435,Get,200,,Spike Test (get) 2-51,text,true,,99397,171,9,109,432,0,1
1540469366172,2108,Get,200,,Spike Test (get) 2-20,text,true,,99397,171,9,109,2096,0,1
1540469366346,1945,Get,200,,Spike Test (get) 2-19,text,true,,99397,171,8,108,1943,0,1
1540469366892,1598,Get,200,,Spike Test (get) 2-6,text,true,,99397,171,7,107,1595,0,0
1540469366648,1863,Get,200,,Spike Test (get) 2-2,text,true,,99397,171,6,106,1860,0,1
1540469366369,2204,Get,200,,Spike Test (get) 2-17,text,true,,99397,171,5,105,2187,0,0
1540469366834,1865,Get,200,,Spike Test (get) 2-5,text,true,,99397,171,4,104,1863,0,1
1540469366454,2291,Get,200,,Spike Test (get) 2-3,text,true,,99397,171,3,103,2290,0,0
1540469364910,4171,Get,200,,Spike Test (get) 2-14,text,true,,99397,171,2,102,4169,0,0
1540469368261,967,Get,200,,Spike Test (get) 2-51,text,true,,99397,171,1,101,964,0,0
1540469369228,830,Get,200,,Spike Test (get) 2-51,text,true,,99397,171,1,101,828,0,0
1540469370058,558,Get,200,,Spike Test (get) 2-51,text,true,,99397,171,1,101,556,0,1
1540469370616,412,Get,200,,Spike Test (get) 2-51,text,true,,99397,171,1,101,410,0,0
1540469371028,158,Get,200,,Spike Test (get) 2-51,text,true,,99397,171,1,101,149,0,0
1540469371186,164,Get,200,,Spike Test (get) 2-51,text,true,,99397,171,1,101,163,0,0
1540469371350,489,Get,200,,Spike Test (get) 2-51,text,true,,99397,171,1,101,486,0,0
1540469371839,138,Get,200,,Spike Test (get) 2-51,text,true,,99397,171,1,101,135,0,0
1540469371977,164,Get,200,,Spike Test (get) 2-51,text,true,,99397,171,1,101,74,0,0
1540469372141,73,Get,200,,Spike Test (get) 2-51,text,true,,99397,171,1,101,70,0,1
1540469372214,36,Get,200,,Spike Test (get) 2-51,text,true,,99397,171,1,101,33,0,0
1540469372250,520,Get,200,,Spike Test (get) 2-51,text,true,,99397,171,1,101,518,0,0
1540469372770,312,Get,200,,Spike Test (get) 2-51,text,true,,99397,171,1,101,310,0,0
1540469373082,120,Get,200,,Spike Test (get) 2-51,text,true,,99397,171,1,101,118,0,0
1540469373202,97,Get,200,,Spike Test (get) 2-51,text,true,,99397,171,1,101,94,0,0
1540469373299,63,Get,200,,Spike Test (get) 2-51,text,true,,99397,171,1,101,58,0,0
1540469373362,290,Get,200,,Spike Test (get) 2-51,text,true,,99397,171,1,101,289,0,0
1540469373652,311,Get,200,,Spike Test (get) 2-51,text,true,,99397,171,1,101,309,0,0
1540469373963,1056,Get,200,,Spike Test (get) 2-51,text,true,,99397,171,1,101,1053,0,0
1540469375019,358,Get,200,,Spike Test (get) 2-51,text,true,,99397,171,1,101,355,0,1
1540469375377,224,Get,200,,Spike Test (get) 2-51,text,true,,99397,171,1,101,222,0,0
1540469375601,157,Get,200,,Spike Test (get) 2-51,text,true,,99397,171,1,101,156,0,0
1540469375758,166,Get,200,,Spike Test (get) 2-51,text,true,,99397,171,1,101,165,0,0
1540469375924,252,Get,200,,Spike Test (get) 2-51,text,true,,99397,171,1,101,250,0,0
1540469376176,204,Get,200,,Spike Test (get) 2-51,text,true,,99397,171,1,101,114,0,0
1540469376380,196,Get,200,,Spike Test (get) 2-51,text,true,,99397,171,1,101,191,0,0
1540469376576,610,Get,200,,Spike Test (get) 2-51,text,true,,99397,171,1,101,609,0,0
1540469377187,138,Get,200,,Spike Test (get) 2-51,text,true,,99397,171,1,101,136,0,0
1540469377325,39,Get,200,,Spike Test (get) 2-51,text,true,,99397,171,1,101,36,0,0
1540469377364,139,Get,200,,Spike Test (get) 2-51,text,true,,99397,171,1,101,137,0,0
1540469377503,146,Get,200,,Spike Test (get) 2-51,text,true,,99397,171,1,101,143,0,0
1540469377649,152,Get,200,,Spike Test (get) 2-51,text,true,,99397,171,1,101,149,0,0
1540469377801,46,Get,200,,Spike Test (get) 2-51,text,true,,99397,171,1,101,44,0,0
1540469377847,32,Get,200,,Spike Test (get) 2-51,text,true,,99397,171,1,101,31,0,0
1540469377880,54,Get,200,,Spike Test (get) 2-51,text,true,,99397,171,1,101,52,0,0
1540469377934,82,Get,200,,Spike Test (get) 2-51,text,true,,99397,171,1,101,80,0,0
1540469378016,509,Get,200,,Spike Test (get) 2-51,text,true,,99397,171,1,101,508,0,0
1540469378525,200,Get,200,,Spike Test (get) 2-51,text,true,,99397,171,1,101,198,0,0
1540469378725,183,Get,200,,Spike Test (get) 2-51,text,true,,99397,171,1,101,181,0,0
1540469378908,30,Get,200,,Spike Test (get) 2-51,text,true,,99397,171,1,101,29,0,0
1540469378939,37,Get,200,,Spike Test (get) 2-51,text,true,,99397,171,1,101,35,0,0
1540469378976,55,Get,200,,Spike Test (get) 2-51,text,true,,99397,171,1,101,53,0,0
1540469379031,793,Get,200,,Spike Test (get) 2-51,text,true,,99397,171,1,101,790,0,0
1540469379824,141,Get,200,,Spike Test (get) 2-51,text,true,,99397,171,1,101,138,0,1
1540469379965,67,Get,200,,Spike Test (get) 2-51,text,true,,99397,171,1,101,43,0,0
1540469380032,69,Get,200,,Spike Test (get) 2-51,text,true,,99397,171,1,101,49,0,0
1540469380101,46,Get,200,,Spike Test (get) 2-51,text,true,,99397,171,1,101,43,0,0
1540469380147,75,Get,200,,Spike Test (get) 2-51,text,true,,99397,171,1,101,74,0,0
1540469380222,231,Get,200,,Spike Test (get) 2-51,text,true,,99397,171,1,101,228,0,0
1540469380454,607,Get,200,,Spike Test (get) 2-51,text,true,,99397,171,1,101,560,0,0
1540469381061,191,Get,200,,Spike Test (get) 2-51,text,true,,99397,171,1,101,190,0,0
1540469381252,95,Get,200,,Spike Test (get) 2-51,text,true,,99397,171,1,101,92,0,0
1540469381347,272,Get,200,,Spike Test (get) 2-51,text,true,,99397,171,1,101,271,0,0
1540469381620,784,Get,200,,Spike Test (get) 2-51,text,true,,99397,171,1,101,651,0,0
1540469382404,251,Get,200,,Spike Test (get) 2-51,text,true,,99397,171,1,101,249,0,1
1540469382655,169,Get,200,,Spike Test (get) 2-51,text,true,,99397,171,1,101,166,0,0
1540469382824,392,Get,200,,Spike Test (get) 2-51,text,true,,99397,171,1,101,382,0,0
1540469383216,237,Get,200,,Spike Test (get) 2-51,text,true,,99397,171,1,101,235,0,0
1540469383453,225,Get,200,,Spike Test (get) 2-51,text,true,,99397,171,1,101,224,0,0
1540469383678,1036,Get,200,,Spike Test (get) 2-51,text,true,,99397,171,1,101,1034,0,0
